﻿<?xml version="1.0" encoding="utf-8"?>
<deployment>
  <id>temp-759e9eb1</id>
  <author>N/A</author>
  <deployer>GitHub</deployer>
  <authorEmail>N/A</authorEmail>
  <message>Fetch from https://github.com/kd26-droid/excel-template-mapper-</message>
  <progress></progress>
  <status>Failed</status>
  <statusText>Deployment has been stopped due to SCM container restart. The restart can happen due to a management operation on site. Do not perform a management operation and a deployment operation in quick succession. Adding a small delay can help avoid any conflicts.</statusText>
  <lastSuccessEndTime />
  <receivedTime>2025-08-06T20:29:39.4961221Z</receivedTime>
  <startTime>2025-08-06T20:29:39.4961221Z</startTime>
  <endTime>2025-08-06T20:29:49.8907442Z</endTime>
  <complete>True</complete>
  <is_temp>True</is_temp>
  <is_readonly>False</is_readonly>
  <buildSummary />
</deployment>