<step title="Incoming Request" date="2025-08-06T20:29:37.480" instance="b9972c" url="/deploy?scmType=ExternalGit&amp;isAsync=true" method="POST" type="request" pid="769,1,7" Host="kartik-excel-mapper-backend.scm.azurewebsites.net" User-Agent="Azure-WebSites-Controller/104.0.7.211" Authorization="Bas..." Expect="100-continue" Content-Length="92" x-ms-request-id="40d66764-5938-4ffc-9393-cce97f519d63" X-ARR-LOG-ID="40d66764-5938-4ffc-9393-cce97f519d63" CLIENT-IP="20.192.171.3:18304" X-SITE-DEPLOYMENT-ID="kartik-excel-mapper-backend" WAS-DEFAULT-HOSTNAME="kartik-excel-mapper-backend.scm.azurewebsites.net" X-MS-PLATFORM-INTERNAL="True" X-Forwarded-Proto="https" X-AppService-Proto="https" X-Forwarded-TlsVersion="1.3" X-WAWS-Unencoded-URL="/deploy?scmType=ExternalGit&amp;isAsync=true" X-Client-IP="20.192.171.3" X-Client-Port="18304" >
  <step title="FetchHandler" date="2025-08-06T20:29:37.646" >
    <step title="Executing external process" date="2025-08-06T20:29:38.026" type="process" path="git" arguments="rev-parse --git-dir" /><!-- duration: 243ms -->
    <step title="Executing external process" date="2025-08-06T20:29:38.314" type="process" path="git" arguments="rev-parse --git-dir" /><!-- duration: 49ms -->
    <step title="Executing external process" date="2025-08-06T20:29:38.386" type="process" path="git" arguments="log -n 1 main --" /><!-- duration: 163ms -->
    <step title="Start deployment in the background" date="2025-08-06T20:29:38.576" >
      <step title="Executing external process" date="2025-08-06T20:29:38.705" type="process" path="git" arguments="rev-parse --git-dir" /><!-- duration: 89ms -->
      <step title="Executing external process" date="2025-08-06T20:29:38.804" type="process" path="git" arguments="rev-parse --git-dir" /><!-- duration: 74ms -->
      <step title="Executing external process" date="2025-08-06T20:29:38.903" type="process" path="git" arguments="log -n 1 main --" /><!-- duration: 214ms -->
      <step title="Acquiring Deployment Lock" date="2025-08-06T20:29:39.154" /><!-- duration: 16ms -->
      <step title="Acquired Deployment Lock" date="2025-08-06T20:29:39.318" /><!-- duration: 16ms -->
    </step><!-- duration: 1117ms -->
  </step><!-- duration: 2082ms -->
  <step title="Outgoing response" date="2025-08-06T20:29:39.738" type="response" statusCode="202" statusText="Accepted" /><!-- duration: 18ms -->
</step><!-- duration: 2286ms -->
