<step title="BackgroundTrace" date="2025-08-06T20:29:38.611" instance="b9972c" url="/deploy" method="POST" >
  <step title="Creating temporary deployment - FetchDeploymentManager" date="2025-08-06T20:29:39.350" /><!-- duration: 3ms -->
  <step title="Creating temporary deployment" date="2025-08-06T20:29:39.422" /><!-- duration: 253ms -->
  <step title="Performing fetch based deployment" date="2025-08-06T20:29:40.292" >
    <step title="Deployment timer started" date="2025-08-06T20:29:46.781" >
      <step title="DeploymentManager.Deploy(id:69c0e912d98032949729672b1e2393747a53eb59)" date="2025-08-06T20:29:46.815" >
        <step title="Collecting changeset information" date="2025-08-06T20:29:46.868" /><!-- duration: 301ms -->
        <step title="Updating submodules" date="2025-08-06T20:29:47.279" /><!-- duration: 1276ms -->
        <step title="Determining deployment builder" date="2025-08-06T20:29:48.957" >
          <step title="Specific project was specified: backend" date="2025-08-06T20:29:48.974" /><!-- duration: 43ms -->
          <step title="Builder is OryxBuilder" date="2025-08-06T20:29:49.037" /><!-- duration: 8ms -->
        </step><!-- duration: 96ms -->
        <step title="PreDeployment: context.CleanOutputPath False" date="2025-08-06T20:29:49.156" >
          <step title="PreDeployment: context.OutputPath /home/site/wwwroot" date="2025-08-06T20:29:49.336" >
            <step title="Building" date="2025-08-06T20:29:49.688" >
              <step title="Executing external process" date="2025-08-06T20:29:50.537" type="process" path="bash" arguments="-c &quot;oryx build /home/site/repository -o /home/site/wwwroot --platform python --platform-version 3.11 -p virtualenv_name=antenv --log-file /tmp/build-debug.log  -i /tmp/8ddd527fd894b67 --compress-destination-dir | tee /tmp/oryx-build.log ; exit $PIPESTATUS &quot;" >
                <step title="Error occurred" date="2025-08-06T20:29:52.255" type="error" text="Deployment has been stopped due to SCM container restart. The restart can happen due to a management operation on site. Do not perform a management operation and a deployment operation in quick succession. Adding a small delay can help avoid any conflicts." /><!-- duration: 24ms -->
                <step title="Killing external process" date="2025-08-06T20:29:52.281" >
                  <step title="Abort Process &apos;oryx(831)&apos;." date="2025-08-06T20:29:52.380" /><!-- duration: 9ms -->
>
                  <step title="Process dump" date="2025-08-06T20:29:52.383" exitCode="137" type="processOutput" /><!-- duration: 27ms -->
                </step><!-- duration: 146ms -->
                <step title="Error occurred" date="2025-08-06T20:29:52.487" type="error" text="
/bin/bash -c &quot;oryx build /home/site/repository -o /home/site/wwwroot --platform python --platform-version 3.11 -p virtualenv_name=antenv --log-file /tmp/build-debug.log  -i /tmp/8ddd527fd894b67 --compress-destination-dir | tee /tmp/oryx-build.log ; exit $PIPESTATUS &quot;" stackTrace="   at Kudu.Core.Infrastructure.Executable.ExecuteInternal(ITracer tracer, Func`2 onWriteOutput, Func`2 onWriteError, CancellationToken token, Encoding encoding, String arguments, Object[] args) in /tmp/KuduLite/Kudu.Core/Infrastructure/Executable.cs:line 239
   at Kudu.Core.Infrastructure.Executable.ExecuteWithProgressWriter(ILogger logger, ITracer tracer, CancellationToken token, String arguments, Object[] args) in /tmp/KuduLite/Kudu.Core/Infrastructure/Executable.cs:line 118
   at Kudu.Core.Deployment.Generator.ExternalCommandBuilder.RunCommand(DeploymentContext context, String command, Boolean ignoreManifest, CancellationToken token, String message) in /tmp/KuduLite/Kudu.Core/Deployment/Generator/ExternalCommandBuilder.cs:line 122" /><!-- duration: 9ms -->
                <step title="Error occurred" date="2025-08-06T20:29:52.505" type="error" text="
/bin/bash -c &quot;oryx build /home/site/repository -o /home/site/wwwroot --platform python --platform-version 3.11 -p virtualenv_name=antenv --log-file /tmp/build-debug.log  -i /tmp/8ddd527fd894b67 --compress-destination-dir | tee /tmp/oryx-build.log ; exit $PIPESTATUS &quot;" stackTrace="   at Kudu.Core.Infrastructure.Executable.ExecuteInternal(ITracer tracer, Func`2 onWriteOutput, Func`2 onWriteError, CancellationToken token, Encoding encoding, String arguments, Object[] args) in /tmp/KuduLite/Kudu.Core/Infrastructure/Executable.cs:line 239
   at Kudu.Core.Infrastructure.Executable.ExecuteWithProgressWriter(ILogger logger, ITracer tracer, CancellationToken token, String arguments, Object[] args) in /tmp/KuduLite/Kudu.Core/Infrastructure/Executable.cs:line 118
   at Kudu.Core.Deployment.Generator.ExternalCommandBuilder.RunCommand(DeploymentContext context, String command, Boolean ignoreManifest, CancellationToken token, String message) in /tmp/KuduLite/Kudu.Core/Deployment/Generator/ExternalCommandBuilder.cs:line 122
   at Kudu.Core.Deployment.Generator.OryxBuilder.RunBuildCommand(IOryxArguments args, DeploymentContext context, CancellationToken token) in /tmp/KuduLite/Kudu.Core/Deployment/Generator/OryxBuilder.cs:line 282
   at Kudu.Core.Deployment.Generator.OryxBuilder.Build(DeploymentContext context, CancellationToken token) in /tmp/KuduLite/Kudu.Core/Deployment/Generator/OryxBuilder.cs:line 123
   at Kudu.Core.Deployment.DeploymentManager.Build(ChangeSet changeSet, ITracer tracer, IDisposable deployStep, IRepository repository, DeploymentInfoBase deploymentInfo, DeploymentAnalytics deploymentAnalytics, Boolean fullBuildByDefault, CancellationToken cancellationToken) in /tmp/KuduLite/Kudu.Core/Deployment/DeploymentManager.cs:line 771" /><!-- duration: 44ms -->
