<step title="Incoming Request" date="2025-08-06T20:05:40.458" instance="b9972c" url="/deploy?scmType=ExternalGit&amp;isAsync=true" method="POST" type="request" pid="770,1,15" Host="kartik-excel-mapper-backend.scm.azurewebsites.net" User-Agent="Azure-WebSites-Controller/104.0.7.211" Authorization="Bas..." Expect="100-continue" Content-Length="92" x-ms-request-id="f3bbe56e-44ac-4093-816b-f60f75c2f86e" X-ARR-LOG-ID="f3bbe56e-44ac-4093-816b-f60f75c2f86e" CLIENT-IP="20.192.171.3:17281" X-SITE-DEPLOYMENT-ID="kartik-excel-mapper-backend" WAS-DEFAULT-HOSTNAME="kartik-excel-mapper-backend.scm.azurewebsites.net" X-MS-PLATFORM-INTERNAL="True" X-Forwarded-Proto="https" X-AppService-Proto="https" X-Forwarded-TlsVersion="1.3" X-WAWS-Unencoded-URL="/deploy?scmType=ExternalGit&amp;isAsync=true" X-Client-IP="20.192.171.3" X-Client-Port="17281" >
  <step title="FetchHandler" date="2025-08-06T20:05:40.566" >
    <step title="GitExeRepository.Initialize" date="2025-08-06T20:05:40.838" >
      <step title="Executing external process" date="2025-08-06T20:05:40.865" type="process" path="git" arguments="init" /><!-- duration: 592ms -->
      <step title="Executing external process" date="2025-08-06T20:05:41.483" type="process" path="git" arguments="config core.autocrlf false" /><!-- duration: 85ms -->
      <step title="Executing external process" date="2025-08-06T20:05:41.584" type="process" path="git" arguments="config core.preloadindex true" /><!-- duration: 82ms -->
      <step title="Executing external process" date="2025-08-06T20:05:41.675" type="process" path="git" arguments="config user.name &quot;unknown&quot;" /><!-- duration: 71ms -->
      <step title="Executing external process" date="2025-08-06T20:05:41.766" type="process" path="git" arguments="config user.email &quot;unknown&quot;" /><!-- duration: 91ms -->
      <step title="Executing external process" date="2025-08-06T20:05:41.865" type="process" path="git" arguments="config filter.lfs.clean &quot;git-lfs clean %f&quot;" /><!-- duration: 86ms -->
      <step title="Executing external process" date="2025-08-06T20:05:41.959" type="process" path="git" arguments="config filter.lfs.smudge &quot;git-lfs smudge %f&quot;" /><!-- duration: 49ms -->
      <step title="Executing external process" date="2025-08-06T20:05:42.023" type="process" path="git" arguments="config filter.lfs.required true" /><!-- duration: 66ms -->
      <step title="Configure git server" date="2025-08-06T20:05:42.102" >
        <step title="Executing external process" date="2025-08-06T20:05:42.110" type="process" path="git" arguments="config receive.denyCurrentBranch ignore" /><!-- duration: 56ms -->
      </step><!-- duration: 81ms -->
      <step title="Create deny users for .git folder" date="2025-08-06T20:05:42.185" /><!-- duration: 47ms -->
      <step title="Configure git-credential" date="2025-08-06T20:05:42.241" >
        <step title="Executing external process" date="2025-08-06T20:05:42.306" type="process" path="git" arguments="config credential.helper &quot;!&apos;/home/site/repository/.git/hooks/git-credential-invalid.sh&apos;&quot;" /><!-- duration: 189ms -->
      </step><!-- duration: 274ms -->
      <step title="Setup post receive hook" date="2025-08-06T20:05:42.526" >
        <step title="Non-Windows enviroment, granting 755 permission to post-receive hook file" date="2025-08-06T20:05:42.572" /><!-- duration: 100ms -->
      </step><!-- duration: 149ms -->
    </step><!-- duration: 1844ms -->
    <step title="Executing external process" date="2025-08-06T20:05:42.693" type="process" path="git" arguments="log -n 1 main --" >
      <step title="Process dump" date="2025-08-06T20:05:42.780" exitCode="128" type="processOutput" /><!-- duration: 15ms -->
    </step><!-- duration: 105ms -->
    <step title="Start deployment in the background" date="2025-08-06T20:05:42.815" >
      <step title="Executing external process" date="2025-08-06T20:05:42.880" type="process" path="git" arguments="rev-parse --git-dir" /><!-- duration: 55ms -->
      <step title="Executing external process" date="2025-08-06T20:05:42.943" type="process" path="git" arguments="rev-parse --git-dir" /><!-- duration: 37ms -->
      <step title="Executing external process" date="2025-08-06T20:05:42.989" type="process" path="git" arguments="log -n 1 main --" >
        <step title="Process dump" date="2025-08-06T20:05:43.034" exitCode="128" type="processOutput" /><!-- duration: 9ms -->
      </step><!-- duration: 56ms -->
      <step title="Acquiring Deployment Lock" date="2025-08-06T20:05:43.061" /><!-- duration: 9ms -->
      <step title="Acquired Deployment Lock" date="2025-08-06T20:05:43.162" /><!-- duration: 2ms -->
    </step><!-- duration: 494ms -->
  </step><!-- duration: 2752ms -->
  <step title="Outgoing response" date="2025-08-06T20:05:43.335" type="response" statusCode="202" statusText="Accepted" /><!-- duration: 10ms -->
</step><!-- duration: 2894ms -->
