﻿<?xml version="1.0" encoding="utf-8"?>
<deployment>
  <id>69c0e912d98032949729672b1e2393747a53eb59</id>
  <author>Kartik</author>
  <deployer>GitHub</deployer>
  <authorEmail>kartik@factwise.io</authorEmail>
  <message>feat: Complete Azure deployment package ready for production
    
    🚀 DEPLOYMENT READY - All files configured for Azure Central India
    
    ✅ Core Deployment Files:
    - deploy-to-azure.sh: Complete Azure CLI deployment script
    - backend/startup.sh: Azure App Service startup configuration
    - DEPLOYMENT_INSTRUCTIONS.md: Step-by-step deployment guide
    
    ✅ CI/CD Pipeline:
    - .github/workflows/azure-deployment.yml: GitHub Actions workflow
    - Automated testing for backend (Django) and frontend (React)
    - Automatic deployments on code push to main branch
    
    ✅ Environment Configuration:
    - backend/.env.production: Production environment variables
    - frontend/.env.production: Frontend production settings
    - Azure PostgreSQL, Blob Storage, Static Web Apps ready
    
    ✅ Architecture &amp; URLs:
    - Frontend: https://kartik-excel-mapper-frontend.azurestaticapps.net
    - Backend: https://kartik-excel-mapper-backend.azurewebsites.net
    - Database: kartik-excel-mapper-db-server.postgres.database.azure.com
    - Region: Central India (Pune)
    - Resource Group: kartik-excel-mapper-rg
    
    ✅ Features Ready:
    - Complete Excel Template Mapper functionality
    - AI-powered column mapping with confidence scores
    - Interactive spreadsheet data editor (AG-Grid)
    - Smart tags system with formula builder
    - Template management and reusability
    - File upload/download with Azure Blob Storage
    - Production-ready security and performance settings
    
    🎯 DEPLOYMENT STEPS:
    1. Install Azure CLI: brew install azure-cli
    2. Run deployment: ./deploy-to-azure.sh
    3. Wait 5-10 minutes for completion
    4. Access live application at public URLs
    
    💰 Estimated Cost: ~/month
    🔒 Security: HTTPS, Azure managed certificates, secure database
    📊 Monitoring: Application Insights ready, comprehensive logging
    🔄 CI/CD: GitHub Actions for automatic deployments
    
    🌐 READY FOR PUBLIC ACCESS - Anyone can use the application once deployed!
    
    🤖 Generated with [Claude Code](https://claude.ai/code)
    
    Co-Authored-By: Claude &lt;noreply@anthropic.com&gt;</message>
  <progress></progress>
  <status>Failed</status>
  <statusText>Deployment has been stopped due to SCM container restart. The restart can happen due to a management operation on site. Do not perform a management operation and a deployment operation in quick succession. Adding a small delay can help avoid any conflicts.</statusText>
  <lastSuccessEndTime>2025-08-06T20:07:44.1965133Z</lastSuccessEndTime>
  <receivedTime>2025-08-06T20:05:50.7223645Z</receivedTime>
  <startTime>2025-08-06T20:29:48.8837177Z</startTime>
  <endTime>2025-08-06T20:29:49.7768124Z</endTime>
  <complete>True</complete>
  <is_temp>False</is_temp>
  <is_readonly>False</is_readonly>
  <buildSummary />
</deployment>